企业,竞争企业
湖南汉华京电清洁能源科技有限公司,北京华上能源科技有限公司
湖南汉华京电清洁能源科技有限公司,新疆奔亚能源科技开发有限公司
湖南汉华京电清洁能源科技有限公司,广东南控电力有限公司
湖南汉华京电清洁能源科技有限公司,重庆市大为能源有限公司
湖南汉华京电清洁能源科技有限公司,杭州华鼎太阳能科技有限公司
湖南汉华京电清洁能源科技有限公司,安徽华冶新能源科技有限公司
湖南汉华京电清洁能源科技有限公司,浙江莱茵达新能源集团有限公司
湖南汉华京电清洁能源科技有限公司,广州奥丁新能源科技发展有限公司
湖南汉华京电清洁能源科技有限公司,中机国能热源供热有限公司
湖南汉华京电清洁能源科技有限公司,长沙美迪新能源有限公司
湖南汉华京电清洁能源科技有限公司,淄博博一新能源科技发展有限公司
湖南汉华京电清洁能源科技有限公司,中投亿星新能源投资有限公司
湖南汉华京电清洁能源科技有限公司,大连中海华能源发展有限公司
湖南汉华京电清洁能源科技有限公司,驿网无际（上海）智能科技有限公司
湖南汉华京电清洁能源科技有限公司,福建福船一帆新能源装备制造有限公司
湖南汉华京电清洁能源科技有限公司,北京协合运维风电技术有限公司
湖南汉华京电清洁能源科技有限公司,河北科莱达新能源科技股份有限公司
湖南汉华京电清洁能源科技有限公司,东莞市豹可新能源有限公司
湖南汉华京电清洁能源科技有限公司,中油中泰燃气投资集团有限公司
湖南汉华京电清洁能源科技有限公司,黑龙江创能新能源科技开发有限公司
上海东海压力容器制造有限公司,广东长征机械有限公司
上海东海压力容器制造有限公司,上海东亚压力容器制造有限公司
上海东海压力容器制造有限公司,珠海九圆能源设备制造有限公司
上海东海压力容器制造有限公司,爱康（上海）压力容器有限公司
上海东海压力容器制造有限公司,江苏杰立压力容器有限公司
上海东海压力容器制造有限公司,苏州新苏化工机械有限公司
上海东海压力容器制造有限公司,浙江临东压力容器制造有限公司
上海东海压力容器制造有限公司,杭州杭化金属容器有限公司
上海东海压力容器制造有限公司,山东普利龙压力容器有限公司
上海东海压力容器制造有限公司,无锡益腾压力容器有限公司
上海东海压力容器制造有限公司,濮阳市亚利机械制造有限公司
上海东海压力容器制造有限公司,浙江顺泰压力容器有限公司
上海东海压力容器制造有限公司,上海意斯特压力容器有限公司
上海东海压力容器制造有限公司,山东鑫正达机械制造有限公司
上海东海压力容器制造有限公司,浙江开山压力容器有限公司
上海东海压力容器制造有限公司,浙江凯博压力容器有限公司
上海东海压力容器制造有限公司,无锡宝丰石化装备有限公司
上海东海压力容器制造有限公司,西安鑫源石化设备制造有限公司
上海东海压力容器制造有限公司,大同市中心压力容器有限责任公司
上海东海压力容器制造有限公司,北京东方绿达科技发展有限责任公司
中航卓越锻造(无锡)有限公司,安平县耀源丝网制品有限公司
中航卓越锻造(无锡)有限公司,无锡市雷蒙德钢铁贸易有限公司
中航卓越锻造(无锡)有限公司,无锡宝昌金属制品有限公司
中航卓越锻造(无锡)有限公司,成都鑫联升不锈钢制品有限公司
中航卓越锻造(无锡)有限公司,江苏大明金属制品有限公司
中航卓越锻造(无锡)有限公司,上海盈闯金属制品有限公司
中航卓越锻造(无锡)有限公司,广平县金广源金属制品有限公司
中航卓越锻造(无锡)有限公司,无锡市金叶精密铸造有限责任公司
中航卓越锻造(无锡)有限公司,佛山市佛耀金属制品贸易有限公司
中航卓越锻造(无锡)有限公司,上海新闵重型锻造有限公司
中航卓越锻造(无锡)有限公司,江苏泽旭金属制品有限公司
中航卓越锻造(无锡)有限公司,沈阳人和机械制造有限公司
中航卓越锻造(无锡)有限公司,东莞市源铸饰品有限公司
中航卓越锻造(无锡)有限公司,沈阳斯林达安科新技术有限公司
中航卓越锻造(无锡)有限公司,盐城耀升机械有限公司
上海新闵重型锻造有限公司,东莞市源铸饰品有限公司
上海新闵重型锻造有限公司,盐城耀升机械有限公司
上海新闵重型锻造有限公司,沈阳人和机械制造有限公司
中航卓越锻造(无锡)有限公司,南通正道金属结构工程有限公司
中航卓越锻造(无锡)有限公司,苏州埃尔特电子有限公司
中航卓越锻造(无锡)有限公司,青岛浦森工贸有限公司
中航卓越锻造(无锡)有限公司,杭州杭辉金属材料有限公司
中航卓越锻造(无锡)有限公司,北京广灵精华科技有限公司
上海新闵重型锻造有限公司,无锡市金叶精密铸造有限责任公司
上海新闵重型锻造有限公司,安平县耀源丝网制品有限公司
上海新闵重型锻造有限公司,陕西远大新材料技术有限公司
上海新闵重型锻造有限公司,南京达峰合金有限公司
上海新闵重型锻造有限公司,山西中设华晋铸造有限公司
上海新闵重型锻造有限公司,沈阳斯林达安科新技术有限公司
上海新闵重型锻造有限公司,成都鑫联升不锈钢制品有限公司
上海新闵重型锻造有限公司,上海盈闯金属制品有限公司
上海新闵重型锻造有限公司,无锡宝昌金属制品有限公司
上海新闵重型锻造有限公司,江苏大明金属制品有限公司
上海新闵重型锻造有限公司,福机机械工业（宁波）有限公司
上海新闵重型锻造有限公司,哈尔滨实钛新材料科技发展有限公司
上海新闵重型锻造有限公司,福建省瑞奥麦特轻金属有限责任公司
上海新闵重型锻造有限公司,无锡升和电机制造有限公司
上海新闵重型锻造有限公司,宁波金涛模具机械有限公司
上海新闵重型锻造有限公司,无锡格莱德科技有限公司
上海新闵重型锻造有限公司,宁波通达精密铸造有限公司
宝银特种钢管有限公司,山钢集团莱芜钢铁新疆有限公司
宝银特种钢管有限公司,天津市诚智泰新能源科技有限公司
宝银特种钢管有限公司,宝鸡三和金源金属科技股份有限公司
宝银特种钢管有限公司,中钢上海钢材加工有限公司
宝银特种钢管有限公司,福建三明杭萧钢构有限公司
宝银特种钢管有限公司,上海岐昊实业发展有限公司
宝银特种钢管有限公司,上海宝库乐新材料科技有限公司
宝银特种钢管有限公司,江苏苏讯新材料科技有限公司
宝银特种钢管有限公司,天津市创格钢铁贸易有限公司
宝银特种钢管有限公司,鞍山市鑫邦钢铁贸易有限公司
宝银特种钢管有限公司,舞钢市华洋物资有限公司
宝银特种钢管有限公司,河北钢盛经贸有限公司
宝银特种钢管有限公司,山东鲁兆钢铁实业有限公司
宝银特种钢管有限公司,泰安科诺型钢股份有限公司
宝银特种钢管有限公司,南京永展机电科技有限公司
宝银特种钢管有限公司,山东奔彩物资有限公司
宝银特种钢管有限公司,营口钢铁有限公司
宝银特种钢管有限公司,郑州市华驰薄板科技有限公司
宝银特种钢管有限公司,舞钢市鑫泽钢铁销售有限公司
宝银特种钢管有限公司,湖北时力模具材料有限公司
国机重型装备集团股份有限公司,武汉重工铸锻有限责任公司
国机重型装备集团股份有限公司,中冶陕压重工设备有限公司
国机重型装备集团股份有限公司,武汉武钢北湖德诚设备有限公司
国机重型装备集团股份有限公司,德阳思远重工有限公司
国机重型装备集团股份有限公司,宁波神安矿用机械科技有限公司
国机重型装备集团股份有限公司,山东水泊焊割设备制造有限公司
国机重型装备集团股份有限公司,重庆科菲精密机械有限公司
国机重型装备集团股份有限公司,广州友田机电设备有限公司
国机重型装备集团股份有限公司,天津精诚机床股份有限公司
国机重型装备集团股份有限公司,思进智能成形装备股份有限公司
国机重型装备集团股份有限公司,湖南科美达电气股份有限公司
国机重型装备集团股份有限公司,湘潭华进科技股份有限公司
国机重型装备集团股份有限公司,上海宏会海轨道设备工程集团有限公司
国机重型装备集团股份有限公司,江苏唯益换热器股份有限公司
江苏容大减震科技股份有限公司,内江东工设备制造股份有限公司
江苏容大减震科技股份有限公司,浙江曼克斯缝纫机股份有限公司
江苏容大减震科技股份有限公司,张家港先锋自动化机械设备股份有限公司
国机重型装备集团股份有限公司,江苏康生医疗股份有限公司
国机重型装备集团股份有限公司,江苏轩瑞减振设备股份有限公司
国机重型装备集团股份有限公司,广东掌握重工科技有限公司
国机重型装备集团股份有限公司,河南柴油机重工有限责任公司
国机重型装备集团股份有限公司,合肥东方节能科技股份有限公司
国机重型装备集团股份有限公司,焦作科瑞森重装股份有限公司
江苏容大减震科技股份有限公司,山东力凯电子科技股份有限公司
江苏容大减震科技股份有限公司,常州永盛新材料装备股份有限公司
江苏容大减震科技股份有限公司,无锡金田元丰科技股份有限公司
江苏容大减震科技股份有限公司,宁波西磁磁业发展股份有限公司
江苏容大减震科技股份有限公司,山东华特磁电科技股份有限公司
江苏容大减震科技股份有限公司,佛山市万达业机械股份有限公司
江苏容大减震科技股份有限公司,苏州奥智智能设备股份有限公司
江苏容大减震科技股份有限公司,南通通机股份有限公司
江苏容大减震科技股份有限公司,新乡市高服机械股份有限公司
江苏容大减震科技股份有限公司,浙江上易机械股份有限公司
江苏容大减震科技股份有限公司,福建东亚环保科技股份有限公司
江苏容大减震科技股份有限公司,兰州华冶技术工程股份有限公司
江苏容大减震科技股份有限公司,大连力德气体科技股份有限公司
江苏容大减震科技股份有限公司,杭州赛奇机械股份有限公司
江苏容大减震科技股份有限公司,河北诚业智能科技股份有限公司
江苏容大减震科技股份有限公司,北京朗德金燕自动化装备股份有限公司
江苏容大减震科技股份有限公司,青岛力磁电气股份有限公司
嘉兴嘉诚动能设备有限公司,江苏九水环保科技有限公司
嘉兴嘉诚动能设备有限公司,北京东方绿达科技发展有限责任公司
嘉兴嘉诚动能设备有限公司,安徽方圆压力容器制造有限责任公司
嘉兴嘉诚动能设备有限公司,浙江凯博压力容器有限公司
嘉兴嘉诚动能设备有限公司,爱康（上海）压力容器有限公司
嘉兴嘉诚动能设备有限公司,江苏中圣压力容器装备制造有限公司
嘉兴嘉诚动能设备有限公司,大同市中心压力容器有限责任公司
嘉兴嘉诚动能设备有限公司,辽宁美托科技股份有限公司
嘉兴嘉诚动能设备有限公司,山东源泉机械有限公司
嘉兴嘉诚动能设备有限公司,山东鑫正达机械制造有限公司
嘉兴嘉诚动能设备有限公司,成都格瑞特高压容器有限责任公司
嘉兴嘉诚动能设备有限公司,宽城升华压力容器制造有限责任公司
嘉兴嘉诚动能设备有限公司,淮南市石油化工机械设备有限公司
嘉兴嘉诚动能设备有限公司,江苏久维压力容器制造有限公司
嘉兴嘉诚动能设备有限公司,杭州杭化金属容器有限公司
嘉兴嘉诚动能设备有限公司,浙江金象科技有限公司
嘉兴嘉诚动能设备有限公司,苏州拓维工程装备有限公司
嘉兴嘉诚动能设备有限公司,珠海九圆能源设备制造有限公司
嘉兴嘉诚动能设备有限公司,山东国安重型压力容器制造有限公司
嘉兴嘉诚动能设备有限公司,无锡宝丰石化装备有限公司
武汉国威重型机床股份有限公司,齐齐哈尔二机床（集团）有限责任公司
武汉国威重型机床股份有限公司,浙江永力达数控科技股份有限公司
武汉国威重型机床股份有限公司,宇环数控机床股份有限公司
武汉国威重型机床股份有限公司,安阳鑫盛机床股份有限公司
武汉国威重型机床股份有限公司,南京嘉翼精密机器制造股份有限公司
武汉国威重型机床股份有限公司,广州松兴电气股份有限公司
武汉国威重型机床股份有限公司,浙江锯力煌锯床股份有限公司
武汉国威重型机床股份有限公司,青岛东和科技股份有限公司
武汉国威重型机床股份有限公司,江苏亚威机床股份有限公司
武汉国威重型机床股份有限公司,吉林省金沙数控机床股份有限公司
武汉国威重型机床股份有限公司,森泰英格(成都)数控刀具股份有限公司
武汉国威重型机床股份有限公司,青海华鼎实业股份有限公司
武汉国威重型机床股份有限公司,江苏盛鸿大业智能科技股份有限公司
武汉国威重型机床股份有限公司,北京时代科技股份有限公司
武汉国威重型机床股份有限公司,东莞铭衡智能科技股份有限公司
武汉国威重型机床股份有限公司,济南方德自动化设备股份有限公司
武汉国威重型机床股份有限公司,佛山沃顿装备技术股份有限公司
武汉国威重型机床股份有限公司,宁波海天精工股份有限公司
武汉国威重型机床股份有限公司,北京京鹏环宇畜牧科技股份有限公司
武汉国威重型机床股份有限公司,深圳市配天智造装备股份有限公司
江苏新恒基特种装备股份有限公司,河南金鹏管道有限公司
江苏新恒基特种装备股份有限公司,北京榕净霖商贸有限公司
江苏新恒基特种装备股份有限公司,胜利油田新大管具有限责任公司
江苏新恒基特种装备股份有限公司,哈尔滨斯达维管道科技有限公司
江苏新恒基特种装备股份有限公司,北京东方地元热泵工程技术有限公司
江苏新恒基特种装备股份有限公司,河北天创管业有限公司
江苏新恒基特种装备股份有限公司,河北洲际重工有限公司
江苏新恒基特种装备股份有限公司,湖南路路通塑业股份有限公司
江苏新恒基特种装备股份有限公司,河北龙润管道集团有限公司
江苏新恒基特种装备股份有限公司,山东沃亚森曼机械科技有限公司
江苏新恒基特种装备股份有限公司,诸暨市华嘉暖通科技有限公司
江苏新恒基特种装备股份有限公司,黑龙江大千环保科技有限公司
江苏新恒基特种装备股份有限公司,常州市武进顺达精密钢管有限公司
江苏新恒基特种装备股份有限公司,四川汇中贸易有限公司
江苏新恒基特种装备股份有限公司,合肥华峰暖通设备有限公司
江苏新恒基特种装备股份有限公司,华创天元实业发展有限责任公司
江苏新恒基特种装备股份有限公司,深圳市一德塑胶科技有限公司
江苏新恒基特种装备股份有限公司,绵阳沃思测控技术有限公司
江苏新恒基特种装备股份有限公司,贵阳秦川建材有限公司
江苏新恒基特种装备股份有限公司,煌盛集团重庆管业有限公司
苏州宝骅密封科技股份有限公司,上海中车瑞伯德智能系统股份有限公司
苏州宝骅密封科技股份有限公司,深圳华意隆电气股份有限公司
苏州宝骅密封科技股份有限公司,青岛北洋天青数联智能股份有限公司
苏州宝骅密封科技股份有限公司,北京金日创科技股份有限公司
苏州宝骅密封科技股份有限公司,杭州新剑机器人技术股份有限公司
苏州宝骅密封科技股份有限公司,宁波伟立机器人科技股份有限公司
苏州宝骅密封科技股份有限公司,浙江佳乐科仪股份有限公司
苏州宝骅密封科技股份有限公司,湖南深拓智能设备股份有限公司
苏州宝骅密封科技股份有限公司,昆山华恒焊接股份有限公司
苏州宝骅密封科技股份有限公司,广东恒鑫智能装备股份有限公司
苏州宝骅密封科技股份有限公司,北京航天常兴科技发展股份有限公司
苏州宝骅密封科技股份有限公司,河南平原智能装备股份有限公司
苏州宝骅密封科技股份有限公司,上海克来机电自动化工程股份有限公司
苏州宝骅密封科技股份有限公司,宁波江宸智能装备股份有限公司
苏州宝骅密封科技股份有限公司,杭州浙达精益机电技术股份有限公司
苏州宝骅密封科技股份有限公司,广州亨龙智能装备股份有限公司
苏州宝骅密封科技股份有限公司,武汉中仪物联技术股份有限公司
苏州宝骅密封科技股份有限公司,湖北国瑞智能装备股份有限公司
苏州宝骅密封科技股份有限公司,湖南先步信息股份有限公司
苏州宝骅密封科技股份有限公司,深圳盟星科技股份有限公司
巨力索具股份有限公司,路德吊索具(北京)有限公司
巨力索具股份有限公司,河北辰力吊索具集团有限公司
巨力索具股份有限公司,浩麦佳（上海）吊索具有限公司
巨力索具股份有限公司,柳州欧维姆机械股份有限公司
巨力索具股份有限公司,大连华锐重工集团股份有限公司
巨力索具股份有限公司,贵州钢绳股份有限公司
巨力索具股份有限公司,法兰泰克重工股份有限公司
巨力索具股份有限公司,德阳天元重工股份有限公司
巨力索具股份有限公司,山东宏康机械制造有限公司
巨力索具股份有限公司,上海君威钢绳索具有限公司
巨力索具股份有限公司,上海浦江缆索股份有限公司
巨力索具股份有限公司,青岛海西重机有限责任公司
巨力索具股份有限公司,河南东起机械有限公司
巨力索具股份有限公司,河南省大方重型机器有限公司
巨力索具股份有限公司,山东通用起重机股份有限公司
巨力索具股份有限公司,湖南泰嘉新材料科技股份有限公司
中国第一重型机械股份公司,大连华锐重工集团股份有限公司
中国第一重型机械股份公司,中钢集团西安重机有限公司
中国第一重型机械股份公司,江苏共昌轧辊股份有限公司
中国第一重型机械股份公司,常州宝菱重工机械有限公司
中国第一重型机械股份公司,安徽华宇电缆集团有限公司
中国第一重型机械股份公司,中国一重集团有限公司
中国第一重型机械股份公司,山东矿机集团股份有限公司
中国第一重型机械股份公司,郑州煤矿机械集团股份有限公司
中国第一重型机械股份公司,冀凯装备制造股份有限公司
中国第一重型机械股份公司,成都利君实业股份有限公司
中国第一重型机械股份公司,江苏华宏科技股份有限公司
中国第一重型机械股份公司,张家港富瑞特种装备股份有限公司
中国第一重型机械股份公司,秦皇岛天业通联重工股份有限公司
中国第一重型机械股份公司,唐山冀东装备工程股份有限公司
中国第一重型机械股份公司,厦门厦工机械股份有限公司
中国第一重型机械股份公司,林州重机集团股份有限公司
中国第一重型机械股份公司,山推工程机械股份有限公司
中国第一重型机械股份公司,天津赛象科技股份有限公司
中国第一重型机械股份公司,青岛天华院化学工程股份有限公司
中国第一重型机械股份公司,中捷资源投资股份有限公司
鞍钢股份有限公司,甘肃酒钢集团宏兴钢铁股份有限公司
鞍钢股份有限公司,东北特殊钢集团股份有限公司
鞍钢股份有限公司,鞍钢集团有限公司
鞍钢股份有限公司,安阳钢铁股份有限公司
鞍钢股份有限公司,重庆钢铁股份有限公司
鞍钢股份有限公司,江苏沙钢股份有限公司
鞍钢股份有限公司,本钢板材股份有限公司
鞍钢股份有限公司,柳州钢铁股份有限公司
鞍钢股份有限公司,中信泰富特钢集团
鞍钢股份有限公司,湖南华菱钢铁股份有限公司
鞍钢股份有限公司,南京钢铁股份有限公司
鞍钢股份有限公司,凌源钢铁股份有限公司
鞍钢股份有限公司,福建三钢闽光股份有限公司
鞍钢股份有限公司,西宁特殊钢股份有限公司
鞍钢股份有限公司,北京首钢股份有限公司
鞍钢股份有限公司,新疆八一钢铁股份有限公司
鞍钢股份有限公司,河钢股份有限公司
鞍钢股份有限公司,永兴特种材料科技股份有限公司
鞍钢股份有限公司,方大特钢科技股份有限公司
鞍钢股份有限公司,杭州钢铁股份有限公司
东方电气（广州）重型机器有限公司,西安核设备有限公司
东方电气（广州）重型机器有限公司,上海汇豪能源技术有限公司
东方电气（广州）重型机器有限公司,辽宁四方核电装备股份有限公司
东方电气（广州）重型机器有限公司,中核辽宁核电有限公司
东方电气（广州）重型机器有限公司,江西核电有限公司
东方电气（广州）重型机器有限公司,中电投核电有限公司
东方电气（广州）重型机器有限公司,西安核设备有限公司
东方电气（广州）重型机器有限公司,台海玛努尔核电设备股份有限公司
河南神州精工制造股份有限公司,大连福岛精密零部件股份有限公司
河南神州精工制造股份有限公司,青岛鑫光正钢结构股份有限公司
河南神州精工制造股份有限公司,苏州海中航空部件股份有限公司
河南神州精工制造股份有限公司,无锡聚丰数控金属制品股份有限公司
河南神州精工制造股份有限公司,江苏精棱铸锻股份有限公司
河南神州精工制造股份有限公司,浙江冠明电力新材股份有限公司
河南神州精工制造股份有限公司,亚达管道系统股份有限公司
河南神州精工制造股份有限公司,浙江永鼎机械科技股份有限公司
河南神州精工制造股份有限公司,淄博大亚金属科技股份有限公司
河南神州精工制造股份有限公司,南通合兴铁链股份有限公司
河南神州精工制造股份有限公司,山东金润德新材料科技股份有限公司
河南神州精工制造股份有限公司,新疆合金投资股份有限公司
河南神州精工制造股份有限公司,首特华峰机械装备制造股份有限公司
河南神州精工制造股份有限公司,江苏通润装备科技股份有限公司
河南神州精工制造股份有限公司,深圳海龙精密股份有限公司
河南神州精工制造股份有限公司,江苏三鑫特殊金属材料股份有限公司
河南神州精工制造股份有限公司,山东松竹铝业股份有限公司
河南神州精工制造股份有限公司,桂林明富金属股份有限公司
河南神州精工制造股份有限公司,浙江至信新材料股份有限公司
河南神州精工制造股份有限公司,上海东岩机械股份有限公司
深圳星河智善生活股份有限公司,厦门滕王阁房地产开发有限公司
深圳星河智善生活股份有限公司,北京世鹏地产有限公司
深圳星河智善生活股份有限公司,广州市万德投资管理有限公司
深圳星河智善生活股份有限公司,攀枝花市万年长房地产开发有限公司
深圳星河智善生活股份有限公司,重庆宏帆实业集团有限公司
深圳星河智善生活股份有限公司,昆明嘉丽泽旅游文化有限公司
深圳星河智善生活股份有限公司,宜兴鸿鹄地产开发有限公司
深圳星河智善生活股份有限公司,杭州祥生弘盛房地产开发有限公司
深圳星河智善生活股份有限公司,北京昆泰房地产开发集团有限公司
深圳星河智善生活股份有限公司,苏州工业园区世茂湖滨置业有限公司
深圳星河智善生活股份有限公司,浙江新湖集团股份有限公司
深圳星河智善生活股份有限公司,海南海棠山实业有限公司
深圳星河智善生活股份有限公司,北京邦通汉鼎房地产开发有限责任公司
深圳星河智善生活股份有限公司,温州佳盛置业有限公司
深圳星河智善生活股份有限公司,南昌先锋建设发展有限公司
深圳星河智善生活股份有限公司,北京首开中晟置业有限责任公司
深圳星河智善生活股份有限公司,北京紫峰房地产开发有限公司
成都航天精诚科技有限公司,上海捷德航空技术有限公司
成都航天精诚科技有限公司,湖南山河通航有限公司
成都航天精诚科技有限公司,湖北航泰科技有限公司
成都航天精诚科技有限公司,中国航发成都发动机有限公司
成都航天精诚科技有限公司,安徽航瑞航空动力装备有限公司
成都航天精诚科技有限公司,中科航空动力科技有限公司
成都航天精诚科技有限公司,江苏江航智飞机发动机部件研究院有限公司
成都航天精诚科技有限公司,芜湖长捷航空动力科技有限责任公司
成都航天精诚科技有限公司,弥勒浩翔科技有限公司
成都航天精诚科技有限公司,北京铭海博纳科技发展有限公司
成都航天精诚科技有限公司,贵州黎阳国际制造有限公司
成都航天精诚科技有限公司,浙江华擎航空发动机科技有限公司
成都航天精诚科技有限公司,中国航发沈阳黎明航空发动机有限责任公司
成都航天精诚科技有限公司,中国航发贵州黎阳航空动力有限公司
成都航天精诚科技有限公司,上海恩太设备技术有限公司
成都航天精诚科技有限公司,成都航利航空科技有限责任公司
成都航天精诚科技有限公司,西安航天化学动力厂
成都航天精诚科技有限公司,长沙鑫航机轮刹车有限公司
成都航天精诚科技有限公司,沈阳沈飞国际商用飞机有限公司
成都航天精诚科技有限公司,泊鹭通航产业集团有限公司
河北宏润核装备科技股份有限公司,武汉重工铸锻有限责任公司
河北宏润核装备科技股份有限公司,山西焦煤爱钢装备再制造股份有限公司
河北宏润核装备科技股份有限公司,成都蜀虹装备制造股份有限公司
河北宏润核装备科技股份有限公司,湖北博士隆科技股份有限公司
河北宏润核装备科技股份有限公司,宁波市五角阻尼股份有限公司
河北宏润核装备科技股份有限公司,武汉万邦激光金刚石工具股份有限公司
河北宏润核装备科技股份有限公司,威海威硬工具股份有限公司
河北宏润核装备科技股份有限公司,广东荻赛尔机械铸造股份有限公司
河北宏润核装备科技股份有限公司,苏州苏大明世光学股份有限公司
河北宏润核装备科技股份有限公司,青岛鸿森重工股份有限公司
河北宏润核装备科技股份有限公司,江苏高和智能装备股份有限公司
河北宏润核装备科技股份有限公司,大连三环复合材料技术开发股份有限公司
河北宏润核装备科技股份有限公司,广东世创金属科技股份有限公司
河北宏润核装备科技股份有限公司,张家港威孚热能股份有限公司
河北宏润核装备科技股份有限公司,考迈托(佛山)挤压科技股份有限公司
河北宏润核装备科技股份有限公司,福立旺精密机电(中国)股份有限公司
河北宏润核装备科技股份有限公司,江苏诚盟装备股份有限公司
河北宏润核装备科技股份有限公司,广州锐速智能科技股份有限公司
河北宏润核装备科技股份有限公司,惠州市富池精工股份有限公司
河北宏润核装备科技股份有限公司,浙江华益精密机械股份有限公司
山东北辰机电设备股份有限公司,黑龙江省中能控制工程股份有限公司
山东北辰机电设备股份有限公司,四川科新机电股份有限公司
山东北辰机电设备股份有限公司,苏州海陆重工股份有限公司
山东北辰机电设备股份有限公司,山东鲁润热能科技有限公司
山东北辰机电设备股份有限公司,上海艾克森集团有限公司
山东北辰机电设备股份有限公司,山东华昱压力容器股份有限公司
山东北辰机电设备股份有限公司,山东金拓热能科技有限公司
山东北辰机电设备股份有限公司,山东宏达科技集团有限公司
山东北辰机电设备股份有限公司,四平市巨元瀚洋板式换热器有限公司
山东北辰机电设备股份有限公司,成都川力智能流体设备股份有限公司
山东北辰机电设备股份有限公司,常州电站辅机股份有限公司
山东北辰机电设备股份有限公司,株洲南方阀门股份有限公司
山东北辰机电设备股份有限公司,沈阳东管电力科技集团股份有限公司
山东北辰机电设备股份有限公司,安徽方兴实业股份有限公司
山东北辰机电设备股份有限公司,苏州金童机械制造股份有限公司
山东北辰机电设备股份有限公司,河南省万隆精密铸造股份有限公司
山东北辰机电设备股份有限公司,北京广厦环能科技股份有限公司
山东北辰机电设备股份有限公司,浙江固特气动科技股份有限公司
山东北辰机电设备股份有限公司,成都市成航发工艺股份有限公司
山东北辰机电设备股份有限公司,欧好光电控制技术(上海)股份有限公司
四川省金镭重工有限公司,盐城耀升机械有限公司
四川省金镭重工有限公司,东莞市源铸饰品有限公司
四川省金镭重工有限公司,上海新闵重型锻造有限公司
四川省金镭重工有限公司,无锡市金叶精密铸造有限责任公司
四川省金镭重工有限公司,沈阳人和机械制造有限公司
四川省金镭重工有限公司,宁波通达精密铸造有限公司
四川省金镭重工有限公司,哈尔滨实钛新材料科技发展有限公司
四川省金镭重工有限公司,南京达峰合金有限公司
四川省金镭重工有限公司,山西中设华晋铸造有限公司
四川省金镭重工有限公司,安平县耀源丝网制品有限公司
四川省金镭重工有限公司,陕西远大新材料技术有限公司
四川省金镭重工有限公司,佛山市佛耀金属制品贸易有限公司
四川省金镭重工有限公司,成都鑫联升不锈钢制品有限公司
四川省金镭重工有限公司,江苏大明金属制品有限公司
四川省金镭重工有限公司,上海盈闯金属制品有限公司
四川省金镭重工有限公司,无锡宝昌金属制品有限公司
伊莱特能源装备股份有限公司,山东华民钢球股份有限公司
伊莱特能源装备股份有限公司,青岛武晓集团股份有限公司
伊莱特能源装备股份有限公司,湖南红太阳电源新材料股份有限公司
四川省金镭重工有限公司,沈阳斯林达安科新技术有限公司
四川省金镭重工有限公司,北京广灵精华科技有限公司
四川省金镭重工有限公司,北京华通易达科贸有限公司
四川省金镭重工有限公司,重庆沃特尔粉末冶金有限公司
伊莱特能源装备股份有限公司,安徽亚兰德新能源材料股份有限公司
伊莱特能源装备股份有限公司,深圳先进储能材料国家工程研究中心有限公司
伊莱特能源装备股份有限公司,江苏启能新能源材料有限公司
伊莱特能源装备股份有限公司,上海闪容新能源科技有限公司
伊莱特能源装备股份有限公司,上海剑度光电科技有限公司
伊莱特能源装备股份有限公司,深圳市天骄科技开发有限公司
伊莱特能源装备股份有限公司,成都中科高分子材料股份有限公司
伊莱特能源装备股份有限公司,贺迈新能源科技(上海)有限公司
伊莱特能源装备股份有限公司,湖北万润新能源科技发展有限公司
伊莱特能源装备股份有限公司,江苏协鑫硅材料科技发展有限公司
伊莱特能源装备股份有限公司,常州比太科技有限公司
伊莱特能源装备股份有限公司,上海孚赛特新材料科技有限公司
伊莱特能源装备股份有限公司,上海革鑫纳米科技有限公司
伊莱特能源装备股份有限公司,天津斯特兰能源科技有限公司
伊莱特能源装备股份有限公司,青岛云路新能源科技有限公司
伊莱特能源装备股份有限公司,淄博齐灶太阳能科技有限公司
伊莱特能源装备股份有限公司,无锡东恒新能源科技有限公司
中信重工机械股份有限公司,成都利君实业股份有限公司
中信重工机械股份有限公司,湘煤立达矿山装备股份有限公司
中信重工机械股份有限公司,贵阳高原矿山机械股份有限公司
中信重工机械股份有限公司,哈尔滨电气股份有限公司
中信重工机械股份有限公司,浙江美安普矿山机械股份有限公司
中信重工机械股份有限公司,中国有色（沈阳）冶金机械有限公司
中信重工机械股份有限公司,四川矿山机器(集团)有限责任公司
中信重工机械股份有限公司,江苏秋林特能装备股份有限公司
无锡派克新材料科技股份有限公司,建德市鑫宏合金有限公司
无锡派克新材料科技股份有限公司,上海一郎合金材料有限公司
无锡派克新材料科技股份有限公司,自贡市精强硬质合金有限公司
浙江久立特材科技股份有限公司,江苏武进不锈股份有限公司
浙江久立特材科技股份有限公司,亚达管道系统股份有限公司
浙江久立特材科技股份有限公司,江苏华阳管业股份有限公司
浙江久立特材科技股份有限公司,郑州万达重工股份有限公司
中信重工机械股份有限公司,锦州矿山机器（集团）有限公司
中信重工机械股份有限公司,上海电气集团股份有限公司
中信重工机械股份有限公司,洛阳轴研科技股份有限公司
中信重工机械股份有限公司,软控股份有限公司
中信重工机械股份有限公司,成都华气厚普机电设备股份有限公司
中信重工机械股份有限公司,大连华锐重工集团股份有限公司
中信重工机械股份有限公司,广东科达洁能股份有限公司
中信重工机械股份有限公司,无锡先导智能装备股份有限公司
无锡派克新材料科技股份有限公司,湘西自治州丰达合金科技有限公司
无锡派克新材料科技股份有限公司,武汉维克斯科技有限公司
无锡派克新材料科技股份有限公司,捷安特轻合金科技（昆山）股份有限公司
无锡派克新材料科技股份有限公司,株洲艾特硬质合金有限公司
无锡派克新材料科技股份有限公司,山西鼎荣冷弯型钢有限公司
无锡派克新材料科技股份有限公司,河南中多铝镁新材有限公司
无锡派克新材料科技股份有限公司,上海隆霓新材料科技有限公司
浙江久立特材科技股份有限公司,西安向阳航天材料股份有限公司
浙江久立特材科技股份有限公司,扬州市管件厂有限公司
浙江久立特材科技股份有限公司,江阴金童石化装备有限公司
浙江久立特材科技股份有限公司,中信泰富特钢集团
浙江久立特材科技股份有限公司,湖南华菱钢铁股份有限公司
浙江久立特材科技股份有限公司,永兴特种材料科技股份有限公司
浙江久立特材科技股份有限公司,方大特钢科技股份有限公司
中信重工机械股份有限公司,湖南中科电气股份有限公司
中信重工机械股份有限公司,华昌达智能装备集团股份有限公司
中信重工机械股份有限公司,郑州煤矿机械集团股份有限公司
中信重工机械股份有限公司,厦门厦工机械股份有限公司
宁波天生密封件有限公司,北京航天智造科技发展有限公司
宁波天生密封件有限公司,四川瑞航电子科技有限公司
宁波天生密封件有限公司,北京方位智能系统技术有限公司
宁波天生密封件有限公司,无锡鹏讯科技有限公司
无锡派克新材料科技股份有限公司,上海翔洽金属制品有限公司
无锡派克新材料科技股份有限公司,柳州市明华锌钢护栏型材有限公司
无锡派克新材料科技股份有限公司,宝钛特种金属有限公司
无锡派克新材料科技股份有限公司,湖南省金博新材料科技有限公司
无锡派克新材料科技股份有限公司,济南钢城科力新材料股份有限公司
无锡派克新材料科技股份有限公司,张家港东部高新金属制品有限公司
浙江久立特材科技股份有限公司,金堆城钼业股份有限公司
浙江久立特材科技股份有限公司,辽宁大金重工股份有限公司
浙江久立特材科技股份有限公司,江西金力永磁科技股份有限公司
浙江久立特材科技股份有限公司,江苏常宝钢管股份有限公司
浙江久立特材科技股份有限公司,浙江金洲管道科技股份有限公司
浙江久立特材科技股份有限公司,新兴铸管股份有限公司
浙江久立特材科技股份有限公司,山西太钢不锈钢股份有限公司
上海瑞纽机械股份有限公司,珠海天岳科技股份有限公司
上海瑞纽机械股份有限公司,杭州海的动力机械股份有限公司
上海瑞纽机械股份有限公司,湖南中通电气股份有限公司
宁波天生密封件有限公司,深圳市安拓浦科技有限公司
宁波天生密封件有限公司,武汉海达数云技术有限公司
宁波天生密封件有限公司,广州多浦乐电子科技有限公司
宁波天生密封件有限公司,果博斯(天津)科技有限公司
宁波天生密封件有限公司,禄克申环境科技(上海)有限公司
宁波天生密封件有限公司,深圳骏晨科技有限公司
无锡派克新材料科技股份有限公司,佛山市银正铝业有限公司
无锡派克新材料科技股份有限公司,株洲美特优硬质合金有限公司
无锡派克新材料科技股份有限公司,承德天大钒业有限责任公司
无锡派克新材料科技股份有限公司,江苏天麒工业环境科技有限公司
浙江宏伟供应链集团股份有限公司,宁波柏泽供应链管理股份有限公司
浙江宏伟供应链集团股份有限公司,华贸广通供应链管理(北京)股份有限公司
浙江宏伟供应链集团股份有限公司,青岛浩赛科技股份有限公司
浙江久立特材科技股份有限公司,福建三钢闽光股份有限公司
浙江久立特材科技股份有限公司,凌源钢铁股份有限公司
上海瑞纽机械股份有限公司,无锡巨力重工股份有限公司
上海瑞纽机械股份有限公司,常州大千科技股份有限公司
上海瑞纽机械股份有限公司,上海史密富智能装备股份有限公司
上海瑞纽机械股份有限公司,南通皋液重工股份有限公司
上海瑞纽机械股份有限公司,武汉威明德科技股份有限公司
上海瑞纽机械股份有限公司,无锡金帆钻凿设备股份有限公司
上海瑞纽机械股份有限公司,南通联源机电科技股份有限公司
浙江宏伟供应链集团股份有限公司,深圳市集万物流股份有限公司
浙江宏伟供应链集团股份有限公司,仁怀新宁酒业供应链股份有限公司
浙江宏伟供应链集团股份有限公司,江苏锦达保税仓储股份有限公司
浙江宏伟供应链集团股份有限公司,上海酷武供应链管理股份有限公司
浙江宏伟供应链集团股份有限公司,川山甲供应链管理股份有限公司
浙江宏伟供应链集团股份有限公司,青岛城业城实业股份有限公司
浙江宏伟供应链集团股份有限公司,江苏亿森供应链管理股份有限公司
上海瑞纽机械股份有限公司,武汉迪昌科技股份有限公司
上海瑞纽机械股份有限公司,江苏凯伦风能科技股份有限公司
上海瑞纽机械股份有限公司,四川村田机械制造股份有限公司
上海瑞纽机械股份有限公司,广州高昌机电股份有限公司
上海瑞纽机械股份有限公司,无锡南方智能物流设备股份有限公司
上海瑞纽机械股份有限公司,西安蓝辉科技股份有限公司
浙江宏伟供应链集团股份有限公司,德州宏运通国际物流股份有限公司
浙江宏伟供应链集团股份有限公司,上海弘陆物流设备股份有限公司
浙江宏伟供应链集团股份有限公司,广州市粤储物流股份有限公司
浙江宏伟供应链集团股份有限公司,广州市昊链信息科技股份有限公司
上海瑞纽机械股份有限公司,上海华谌科技股份有限公司
上海瑞纽机械股份有限公司,湖北宜都运机机电股份有限公司
上海瑞纽机械股份有限公司,三门三友科技股份有限公司
上海瑞纽机械股份有限公司,武汉南华工业设备工程股份有限公司
西安铂力特增材技术股份有限公司,湖南华曙高科技有限责任公司
西安铂力特增材技术股份有限公司,飞而康快速制造科技有限责任公司
西安铂力特增材技术股份有限公司,西安赛隆金属材料有限责任公司
宁波天生密封件有限公司,深圳市赛纳威环境科技有限公司
宁波天生密封件有限公司,上海峰宁信息科技股份有限公司
宁波天生密封件有限公司,上海幂方电子科技有限公司
宁波天生密封件有限公司,江苏赞存智能科技股份有限公司
宁波天生密封件有限公司,深圳市大谷科技有限公司
宁波天生密封件有限公司,北京天一纵横科技有限公司
宁波天生密封件有限公司,成都联星微电子股份有限公司
宁波天生密封件有限公司,深圳市格瑞普电池有限公司
宁波天生密封件有限公司,苏州斯普锐智能系统有限公司
西安铂力特增材技术股份有限公司,泰安麦丰新材料科技有限公司
西安铂力特增材技术股份有限公司,广州市文搏智能科技有限公司
西安铂力特增材技术股份有限公司,广东奥仕智能科技股份有限公司
西安铂力特增材技术股份有限公司,宁波视睿迪光电有限公司
西安铂力特增材技术股份有限公司,上海可伦金属有限公司
西安铂力特增材技术股份有限公司,中装国科(北京)新材料研究院
西安铂力特增材技术股份有限公司,深圳市华阳新材料科技有限公司
西安铂力特增材技术股份有限公司,塑成科技(北京)有限责任公司
西安铂力特增材技术股份有限公司,湖北嘉一三维高科股份有限公司
西安铂力特增材技术股份有限公司,青岛海力威新材料科技股份有限公司
西安铂力特增材技术股份有限公司,南京前知智能科技有限公司
西安铂力特增材技术股份有限公司,西安玛珂特新材料科技股份有限公司
西安铂力特增材技术股份有限公司,深圳升华三维科技有限公司
西安铂力特增材技术股份有限公司,上海聚复材料科技有限公司
西安铂力特增材技术股份有限公司,常州锐奔合金新材料科技有限公司
中广核工程有限公司,深圳市和平卧龙科技有限公司
中广核工程有限公司,白果科技股份公司
中广核工程有限公司,泰安百盛新能源科技有限公司
中广核工程有限公司,山东海利丰清洁能源股份有限公司
中广核工程有限公司,镇江中燃百江能源有限公司
中广核工程有限公司,中国国电集团有限公司
中广核工程有限公司,山西煤层气有限责任公司
中广核工程有限公司,诸城宝源新能源发电有限公司
中广核工程有限公司,海宁市红宝热电有限公司
中广核工程有限公司,雅砻江流域水电开发有限公司
中广核工程有限公司,苏州海派特热能设备有限公司
中广核工程有限公司,山东琦泉能源科技有限公司
中广核工程有限公司,赫普能源环境科技有限公司
中广核工程有限公司,吉林省中吉大地控股集团有限公司
中广核工程有限公司,上海地缘环境科技有限公司
中广核工程有限公司,陕西烯鑫光电科技有限公司
中广核工程有限公司,北京欧暖之家暖通科技发展有限公司
中广核工程有限公司,山东海筑暖通工程有限公司
中广核工程有限公司,法垄热工技术（上海）有限公司
中国核动力研究设计院,北京圣喻华技术开发有限责任公司
中国核动力研究设计院,江苏超敏科技有限公司
中国核动力研究设计院,上海翡诺医药设备有限公司
中国核动力研究设计院,北京先之机械设备有限公司
中国核动力研究设计院,无锡市华新药化设备有限公司
中国核动力研究设计院,湖南辉圣医疗设备有限公司
中国核动力研究设计院,天水华圆制药设备科技有限责任公司
中国核动力研究设计院,武汉新华中欣生物工程设备有限公司
中国核动力研究设计院,安拓思纳米技术（苏州）有限公司
中国核动力研究设计院,武汉纽威制药机械有限公司
中国核动力研究设计院,上海意发玛制药设备有限公司
中国核动力研究设计院,上海远跃制药机械有限公司
中国核动力研究设计院,上海远东制药机械有限公司
中国核动力研究设计院,贵州加德邦机械有限公司
中国核动力研究设计院,广州乐施林眼康医疗器械有限公司
中国核动力研究设计院,北京金诺美生物技术有限公司
中国核动力研究设计院,浙江优纳特科学仪器有限公司
中国核动力研究设计院,广州南雪医疗器械有限公司
中国核动力研究设计院,广州善强生物科技有限公司
中国核动力研究设计院,重庆赛航科技发展有限公司
苏州东仪核电科技股份有限公司,西安东风机电股份有限公司
苏州东仪核电科技股份有限公司,苏州长天互娱网络科技股份有限公司
苏州东仪核电科技股份有限公司,江苏维泽净化科技股份有限公司
苏州东仪核电科技股份有限公司,江苏舒茨测控设备股份有限公司
苏州东仪核电科技股份有限公司,济南邦德激光股份有限公司
苏州东仪核电科技股份有限公司,北京索福特安全设备股份公司
苏州东仪核电科技股份有限公司,无锡市百川科技股份有限公司
苏州东仪核电科技股份有限公司,深圳市奥科斯特智能装备股份有限公司
苏州东仪核电科技股份有限公司,湖南拓天节能控制技术股份有限公司
苏州东仪核电科技股份有限公司,珠海市长陆工业自动控制系统股份有限公司
苏州东仪核电科技股份有限公司,深圳市正德智控股份有限公司
苏州东仪核电科技股份有限公司,北京凌天世纪控股股份有限公司
苏州东仪核电科技股份有限公司,深圳科安达电子科技股份有限公司
苏州东仪核电科技股份有限公司,北京东方瑞威科技发展股份有限公司
苏州东仪核电科技股份有限公司,北京华索科技股份有限公司
苏州东仪核电科技股份有限公司,四川奇石缘科技股份有限公司
苏州东仪核电科技股份有限公司,浙江盛迪科技股份有限公司
苏州东仪核电科技股份有限公司,深圳市兴源智能仪表股份有限公司
苏州东仪核电科技股份有限公司,济南微纳颗粒仪器股份有限公司
苏州东仪核电科技股份有限公司,河南省日立信股份有限公司
国核宝钛锆业股份公司,上海瑞钼特金属新材料有限公司
国核宝钛锆业股份公司,天津钢研海德科技有限公司
国核宝钛锆业股份公司,江苏天元金属粉末有限公司
国核宝钛锆业股份公司,河南合力新材料股份有限公司
国核宝钛锆业股份公司,无锡隆达金属材料有限公司
国核宝钛锆业股份公司,宁波石墨烯创新中心有限公司
国核宝钛锆业股份公司,江苏新扬新材料股份有限公司
国核宝钛锆业股份公司,东莞金坤新材料股份有限公司
国核宝钛锆业股份公司,西迪技术股份有限公司
国核宝钛锆业股份公司,沈阳含能金属材料制造有限公司
国核宝钛锆业股份公司,日氟荣高分子材料（上海）有限公司
国核宝钛锆业股份公司,山东金石沥青股份有限公司
国核宝钛锆业股份公司,常州锐奔合金新材料科技有限公司
四川华都核设备制造有限公司,大连宝原核设备有限公司
四川华都核设备制造有限公司,中核武汉核电运行技术股份有限公司
四川华都核设备制造有限公司,上海阿波罗机械股份有限公司
四川华都核设备制造有限公司,华通机电股份有限公司
四川华都核设备制造有限公司,杭州崇恒电力技术有限公司
四川华都核设备制造有限公司,宝鸡泰华磁机电技术研究所有限公司
四川华都核设备制造有限公司,保定市华晟智能科技发展有限公司
四川华都核设备制造有限公司,北京科锐博润电力电子有限公司
中核凯利深圳核能服务股份有限公司,湖南创一工业新材料股份有限公司
中核凯利深圳核能服务股份有限公司,吉天师动力科技(上海)股份有限公司
中核凯利深圳核能服务股份有限公司,红叶风电设备(营口)有限公司
中核凯利深圳核能服务股份有限公司,上海致远绿色能源股份有限公司
四川华都核设备制造有限公司,深圳市深北电气有限公司
四川华都核设备制造有限公司,山东海冠电力科技有限公司
四川华都核设备制造有限公司,上海华明电力设备集团有限公司
四川华都核设备制造有限公司,深圳市亚科源科技有限公司
四川华都核设备制造有限公司,厦门市斯维尔进出口有限公司
四川华都核设备制造有限公司,浙江大维高新技术股份有限公司
四川华都核设备制造有限公司,昆山菲尔乐斯电器有限公司
中核凯利深圳核能服务股份有限公司,无锡化工装备股份有限公司
中核凯利深圳核能服务股份有限公司,江苏秋林特能装备股份有限公司
中核凯利深圳核能服务股份有限公司,深圳嘉普通太阳能股份有限公司
中核凯利深圳核能服务股份有限公司,浙江弗沙朗能源股份有限公司
中核凯利深圳核能服务股份有限公司,诺威尔(天津)能源装备股份有限公司
中核凯利深圳核能服务股份有限公司,苏州华达环保设备股份有限公司
四川华都核设备制造有限公司,北京榕科电气有限公司
四川华都核设备制造有限公司,河北申科电子股份有限公司
四川华都核设备制造有限公司,南阳新威机电有限公司
四川华都核设备制造有限公司,中盛联科机电有限公司
四川华都核设备制造有限公司,北京博瑞精电科技有限公司
中核凯利深圳核能服务股份有限公司,广州环峰能源科技股份有限公司
中核凯利深圳核能服务股份有限公司,安徽佑赛科技股份有限公司
中核凯利深圳核能服务股份有限公司,国能风力发电有限公司
中核凯利深圳核能服务股份有限公司,无锡市协力新能源股份有限公司
中核凯利深圳核能服务股份有限公司,山东宇冠机械有限公司
中核凯利深圳核能服务股份有限公司,北京万家天能新能源股份有限公司
中核凯利深圳核能服务股份有限公司,张家港汉龙新能源科技股份有限公司
中核凯利深圳核能服务股份有限公司,北京国顺投资股份有限公司
中核凯利深圳核能服务股份有限公司,苏州聚晟太阳能科技股份有限公司
中核凯利深圳核能服务股份有限公司,甘肃酒钢集团西部重工股份有限公司
中国核工业第五建设有限公司,卡姆丹克电力工程（天津）有限公司
中国核工业第五建设有限公司,艾恩格电气（北京）有限公司
中国核工业第五建设有限公司,北京中禾永盛能源科技有限公司
中国核工业第五建设有限公司,额济纳旗大恒能源有限公司
中国核工业第五建设有限公司,宁波世茂能源股份有限公司
中国核工业第五建设有限公司,中环新能源生物发电有限公司
中国核工业第五建设有限公司,陕西桂花清洁能源股份有限公司
中国核工业第五建设有限公司,环联巨能能源发展有限公司
中国核工业第五建设有限公司,汉能移动能源控股集团有限公司
中国核工业第五建设有限公司,法电优能（北京）投资有限公司
中国核工业第五建设有限公司,天津市金润天太阳能科技有限公司
中国核工业第五建设有限公司,烟台龙骏风能开发有限公司
中国核工业第五建设有限公司,平遥县晟弘生物质能源开发有限公司
中国核工业第五建设有限公司,靖边县风润风电有限公司
中国核工业第五建设有限公司,宁夏江南集成科技有限公司
中国核工业第五建设有限公司,苏州艾克波浪能技术有限公司
中国核工业第五建设有限公司,海南天能电力有限公司
中国核工业第五建设有限公司,长江三峡能事达电气股份有限公司
中国核工业第五建设有限公司,天恩能源有限公司
中国核工业第五建设有限公司,上海优裴伺新能源科技股份有限公司
西安广核阀门科技有限公司,上海克瑞阀门股份有限公司
西安广核阀门科技有限公司,杭州中南阀业制造有限公司
西安广核阀门科技有限公司,无锡富盛阀业有限公司
西安广核阀门科技有限公司,湖南沪工通用阀门有限公司
西安广核阀门科技有限公司,安徽威迈光机电科技有限公司
西安广核阀门科技有限公司,广东宝得阀门科技有限公司
西安广核阀门科技有限公司,良正阀门有限公司
西安广核阀门科技有限公司,上海先锋阀门制造有限公司
西安广核阀门科技有限公司,上海艾栗自动化科技有限公司
西安广核阀门科技有限公司,华惠阀门制造（上海）有限公司
西安广核阀门科技有限公司,杭州佳能阀门有限公司
西安广核阀门科技有限公司,杭州环球电站阀门有限公司
西安广核阀门科技有限公司,山东鲁阀阀门科技有限公司
西安广核阀门科技有限公司,永嘉县科捷阀门制造有限公司
西安广核阀门科技有限公司,陕西明光阀门有限公司
西安广核阀门科技有限公司,纳福希（上海）阀门科技有限公司
西安广核阀门科技有限公司,扬州贝尔阀门控制有限公司
西安广核阀门科技有限公司,张家港富瑞阀门有限公司
西安广核阀门科技有限公司,上海亨昊自动化设备有限公司
西安广核阀门科技有限公司,江苏博托克阀门有限公司
中国核工业第二二建设有限公司,中冶赛迪电气技术有限公司
中国核工业第二二建设有限公司,山东天启智能工程有限公司
中国核工业第二二建设有限公司,广东华尔辰海上风电工程有限责任公司
中国核工业第二二建设有限公司,山西华禧电力工程有限公司
中国核工业第二二建设有限公司,宁波恒捷电气有限公司
中国核工业第二二建设有限公司,鑫旭日电力建设集团有限公司
中国核工业第二二建设有限公司,新疆希望输变电工程有限公司
中国核工业第二二建设有限公司,河南大地电力勘察设计有限公司
中国核工业第二二建设有限公司,四川运维电力设备有限公司
中国核工业第二二建设有限公司,湖北润宏电力建设有限公司
中国核工业第二二建设有限公司,霸州市益瑞钢杆有限公司
中国核工业第二二建设有限公司,广州钧晟通用设备科技有限公司
中国核工业第二二建设有限公司,广东九腾电力设备工程有限公司
中国核工业第二二建设有限公司,上海恒汇供用电设备运行管理有限公司
中国核工业第二二建设有限公司,江苏长虹机具有限公司
中国核工业第二二建设有限公司,四川变通电力建设有限公司
中国核工业第二二建设有限公司,山东电工德润特电气工程有限公司
中国核工业第二二建设有限公司,河南洪泰电力设备制造有限公司
中国核工业第二二建设有限公司,中国东方电气集团有限公司
中国核工业第二二建设有限公司,海南威特电气集团有限公司
山西中辐核仪器有限责任公司,善测（天津）科技有限公司
山西中辐核仪器有限责任公司,北京戴美克科技有限公司
山西中辐核仪器有限责任公司,都涛实业（上海）有限责任公司
山西中辐核仪器有限责任公司,嘉兴市凯博实验仪器有限公司
山西中辐核仪器有限责任公司,贝恩讯谱光电科技（北京）股份有限公司
山西中辐核仪器有限责任公司,苏州西斯派克检测科技有限公司
山西中辐核仪器有限责任公司,北京欧仕科技有限公司
山西中辐核仪器有限责任公司,米艾西（福建）测控技术有限公司
山西中辐核仪器有限责任公司,杭州索川科技有限公司
山西中辐核仪器有限责任公司,深圳市益尚颖科技有限公司
山西中辐核仪器有限责任公司,北京合力网兴科技发展有限公司
山西中辐核仪器有限责任公司,南昌永祺科技发展有限公司
山西中辐核仪器有限责任公司,上海层邦智能控制设备有限公司
山西中辐核仪器有限责任公司,锦州阳光科技发展有限公司
山西中辐核仪器有限责任公司,上海宏予测试仪器有限公司
山西中辐核仪器有限责任公司,深圳市壹欣科技有限公司
山西中辐核仪器有限责任公司,福州宏泰分析技术有限公司
山西中辐核仪器有限责任公司,西安普润机电科技有限责任公司
山西中辐核仪器有限责任公司,广州市龙精电子科技有限公司
山西中辐核仪器有限责任公司,上海心瓣测试设备有限公司
深圳市沃尔核材股份有限公司,北讯集团股份有限公司
深圳市沃尔核材股份有限公司,中材江西电瓷电气有限公司
深圳市沃尔核材股份有限公司,深圳市惠程信息科技股份有限公司
深圳市沃尔核材股份有限公司,达得利电力设备有限公司
深圳市沃尔核材股份有限公司,泰亿达电气有限公司
深圳市沃尔核材股份有限公司,天津市新玻电力复合绝缘子制造股份有限公司
深圳市沃尔核材股份有限公司,湖北兴和电力新材料股份有限公司
深圳市沃尔核材股份有限公司,许继电气股份有限公司
深圳市沃尔核材股份有限公司,京瑞恒诚电气(北京)股份有限公司
深圳市沃尔核材股份有限公司,中电装备山东电子有限公司
深圳市沃尔核材股份有限公司,长园高能电气股份有限公司
深圳市沃尔核材股份有限公司,江苏常峰电力设备股份有限公司
深圳市沃尔核材股份有限公司,沧能电力装备股份有限公司
深圳市沃尔核材股份有限公司,保定唐北电瓷电器股份有限公司
深圳市沃尔核材股份有限公司,郑州万特电气股份有限公司
深圳市沃尔核材股份有限公司,北京合锐赛尔电力科技股份有限公司
深圳市沃尔核材股份有限公司,吉林省一机分离机械制造股份有限公司
深圳市沃尔核材股份有限公司,天津津通铁塔股份有限公司
深圳市沃尔核材股份有限公司,浙江高盛输变电设备股份有限公司
深圳市沃尔核材股份有限公司,浙江亘古电缆股份有限公司
北京广利核系统工程有限公司,德纳克传动控制技术（苏州）有限公司
北京广利核系统工程有限公司,西安德联电子科技有限公司
北京广利核系统工程有限公司,睿克环境科技（中国）有限公司
北京广利核系统工程有限公司,南京霍普斯科技有限公司
北京广利核系统工程有限公司,四川新先达测控技术有限公司
北京广利核系统工程有限公司,北京泰科先锋科技有限公司
北京广利核系统工程有限公司,浙江佰亿仪器有限公司
北京广利核系统工程有限公司,无锡市星迪仪器有限公司
北京广利核系统工程有限公司,南京北宇新通科技有限公司
北京广利核系统工程有限公司,开封青天伟业流量仪表有限公司
北京广利核系统工程有限公司,九江中船仪表有限责任公司（四四一厂）
北京广利核系统工程有限公司,丹东奥龙射线仪器集团有限公司
北京广利核系统工程有限公司,河北南申仪表技术有限公司
北京广利核系统工程有限公司,上海同圣仪表有限公司
北京广利核系统工程有限公司,北京景宏安信科技发展有限公司
北京广利核系统工程有限公司,北京力高新业电子科技有限公司
北京广利核系统工程有限公司,河南农大迅捷测试技术有限公司
北京广利核系统工程有限公司,上海普辛仪器科技有限公司
北京广利核系统工程有限公司,上海隆富仪表有限公司
北京广利核系统工程有限公司,烟台思科博量仪有限公司
美核电气(济南)股份有限公司,浙江中控技术股份有限公司
美核电气(济南)股份有限公司,中机试验装备股份有限公司
美核电气(济南)股份有限公司,常州金康精工机械股份有限公司
美核电气(济南)股份有限公司,上海中冶横天智能科技股份有限公司
美核电气(济南)股份有限公司,上海孚因流体动力设备股份有限公司
美核电气(济南)股份有限公司,无锡市海航电液伺服系统服务有限公司
美核电气(济南)股份有限公司,大连弘达电气股份有限公司
美核电气(济南)股份有限公司,上海颐尚电气科技股份有限公司
美核电气(济南)股份有限公司,齐齐哈尔华工机床股份有限公司
美核电气(济南)股份有限公司,江西南方锅炉股份有限公司
美核电气(济南)股份有限公司,广东寰宇电子科技股份有限公司
美核电气(济南)股份有限公司,北京朗德金燕自动化装备股份有限公司
美核电气(济南)股份有限公司,扬州润明智能装备股份有限公司
美核电气(济南)股份有限公司,浙江力诺流体控制科技股份有限公司
美核电气(济南)股份有限公司,合肥集源穗意液压技术股份有限公司
美核电气(济南)股份有限公司,南京天梯自动化设备股份有限公司
美核电气(济南)股份有限公司,太原矿机电气股份有限公司
美核电气(济南)股份有限公司,新乡市高服机械股份有限公司
美核电气(济南)股份有限公司,佛山市万达业机械股份有限公司
美核电气(济南)股份有限公司,福建东亚环保科技股份有限公司
中国核工业建设股份有限公司,龙元建设集团股份有限公司
中国核工业建设股份有限公司,中国化学工程股份有限公司
中国核工业二三建设有限公司,中建三局集团有限公司
中国核工业二三建设有限公司,南京南化建设有限公司
中国核工业二三建设有限公司,四川新永一集团有限公司
中国核工业建设股份有限公司,腾达建设集团股份有限公司
中国核工业建设股份有限公司,宁波建工股份有限公司
中国核工业建设股份有限公司,中化岩土集团股份有限公司
中国核工业建设股份有限公司,四川路桥建设集团股份有限公司
中国核工业建设股份有限公司,重庆建工集团股份有限公司
中国核工业二三建设有限公司,重庆市方鼎科技有限责任公司
中国核工业二三建设有限公司,上境（北京）科技文化有限公司
中国核工业二三建设有限公司,江苏卓质诚工程管理有限公司
中国核工业二三建设有限公司,浙江中诚工程管理科技有限公司
中国核工业二三建设有限公司,杭州城投建设有限公司
中国核工业二三建设有限公司,杭州中河建设项目管理有限公司
中国核工业建设股份有限公司,成都市路桥工程股份有限公司
中国核工业建设股份有限公司,上海浦东路桥建设股份有限公司
中国核工业建设股份有限公司,东华工程科技股份有限公司
中国核工业建设股份有限公司,中国海诚工程科技股份有限公司
中国核工业建设股份有限公司,山东高速路桥集团股份有限公司
中国核工业建设股份有限公司,宏润建设集团股份有限公司
中国核工业二三建设有限公司,浙江新竹装饰工程有限公司
中国核工业二三建设有限公司,昱辰实验室系统科技（苏州）有限公司
中国核工业二三建设有限公司,安徽省建设监理有限公司
中国核工业二三建设有限公司,维扬靓影信息技术（北京）有限公司
中国核工业二三建设有限公司,四川超严领凡信息技术有限公司
中国核工业二三建设有限公司,宜资信（北京）信息咨询有限公司
中国核工业建设股份有限公司,中国冶金科工股份有限公司
中国核工业建设股份有限公司,浙江省围海建设集团股份有限公司
中国核工业建设股份有限公司,新疆北新路桥集团股份有限公司
中国核工业建设股份有限公司,上海同济科技实业股份有限公司
中国核工业建设股份有限公司,广东水电二局股份有限公司
中国核工业二三建设有限公司,四川同风源建设工程有限公司
中国核工业二三建设有限公司,深圳市奥德威工程建设有限公司
中国核工业二三建设有限公司,成都弘瑞达建筑工程有限公司
中国核工业二三建设有限公司,天津建岩岩土工程有限公司
中国核工业二三建设有限公司,苏州东大建设监理有限公司
中国核工业建设股份有限公司,武汉农尚环境股份有限公司
中核武汉核电运行技术股份有限公司,东营宏源机械设备有限公司
中核武汉核电运行技术股份有限公司,四川三洲川化机核能设备制造有限公司
中核武汉核电运行技术股份有限公司,安徽品冠新能源设备有限公司
中核武汉核电运行技术股份有限公司,胜利油田胜利动力机械集团有限公司
中核武汉核电运行技术股份有限公司,广东澳佰特新能源科技有限公司
中核武汉核电运行技术股份有限公司,宫胁节能科技无锡有限公司
中核武汉核电运行技术股份有限公司,辽宁新兴佳波纹管制造有限公司
中核武汉核电运行技术股份有限公司,普创新能源动力科技有限公司
中核武汉核电运行技术股份有限公司,江联重工集团股份有限公司
中核武汉核电运行技术股份有限公司,潍坊天信散热器有限公司
中核武汉核电运行技术股份有限公司,烟台三烽燃气节能科技有限公司
中核武汉核电运行技术股份有限公司,唐山市环保节能锅炉有限公司
中核武汉核电运行技术股份有限公司,柏达泰能（北京）科技发展有限公司
中核武汉核电运行技术股份有限公司,江阴长源机械制造有限公司
中核武汉核电运行技术股份有限公司,广州晟盈自控系统有限公司
中核武汉核电运行技术股份有限公司,北京慧鎏科技有限公司
中核武汉核电运行技术股份有限公司,天津华能北方热力设备有限公司
中核武汉核电运行技术股份有限公司,西安汉门石油工程有限公司
中核武汉核电运行技术股份有限公司,江苏双良新能源装备有限公司
中核武汉核电运行技术股份有限公司,山东新博科技有限公司
烟台金润核电材料股份有限公司,烟台市台海集团有限公司
烟台金润核电材料股份有限公司,浙江伸美压克力股份有限公司
烟台金润核电材料股份有限公司,北京倚天凌云科技股份有限公司
烟台金润核电材料股份有限公司,湖北斯曼新材料股份有限公司
烟台金润核电材料股份有限公司,通化耐博新材料股份有限公司
烟台金润核电材料股份有限公司,湖北汇尔杰新材料科技股份有限公司
烟台金润核电材料股份有限公司,北京精冶源新材料股份有限公司
烟台金润核电材料股份有限公司,浙江德和绝热科技股份有限公司
烟台金润核电材料股份有限公司,广东赛力克防水材料股份有限公司
烟台金润核电材料股份有限公司,河南特耐工程材料股份有限公司
烟台金润核电材料股份有限公司,北京联合荣大工程材料股份有限公司
烟台金润核电材料股份有限公司,大圆节能材料股份有限公司
烟台金润核电材料股份有限公司,焦作鸽德新材料股份有限公司
烟台金润核电材料股份有限公司,北京大津硅藻新材料股份有限公司
烟台金润核电材料股份有限公司,浙江阿斯克建材科技股份有限公司
烟台金润核电材料股份有限公司,苏州市君悦新材料科技股份有限公司
烟台金润核电材料股份有限公司,新疆美克思新材料股份有限公司
烟台金润核电材料股份有限公司,湖南皕成科技股份有限公司
烟台金润核电材料股份有限公司,广州腾威科技股份有限公司
烟台金润核电材料股份有限公司,浙江鹏远新材料股份有限公司
中核检修有限公司,中核凯利深圳核能服务股份有限公司
中核检修有限公司,上海核星核电科技有限公司
中核检修有限公司,纳斯泰克核电技术有限公司
中核检修有限公司,安徽圣宝新能源科技有限公司
中核检修有限公司,郑州侨联生物能源有限公司
中核检修有限公司,上海华电福新能源有限公司
中核检修有限公司,安徽绿色精灵新能源科技有限公司
中核检修有限公司,安徽省亿驰新能源科技有限公司
中核检修有限公司,微控新技术（深圳）有限公司
中核检修有限公司,中航国际新能源发展有限公司
中核检修有限公司,北京中电博顺智能设备技术有限公司
中核检修有限公司,中山市健辉中青环保节能科技有限公司
中核检修有限公司,中船重工（上海）新能源有限公司
中核检修有限公司,河南华西科技集团新能源股份有限公司
中核检修有限公司,北京筑风新能源科技有限公司
中核检修有限公司,天津润正特科技有限公司
中核检修有限公司,厦门肃正资产管理有限公司
中核检修有限公司,大同新研氢能源科技有限公司
中核检修有限公司,融泽能源科技（北京）有限公司
中核检修有限公司,吉林劲武松网络科技有限公司
中核苏阀科技实业股份有限公司,江苏神通阀门股份有限公司
中核苏阀科技实业股份有限公司,苏州纽威阀门股份有限公司
中核苏阀科技实业股份有限公司,青岛伟隆阀门股份有限公司
中核苏阀科技实业股份有限公司,安徽方兴实业股份有限公司
中核苏阀科技实业股份有限公司,成都川力智能流体设备股份有限公司
中核苏阀科技实业股份有限公司,博纳斯威阀门股份有限公司
中核苏阀科技实业股份有限公司,五洲阀门股份有限公司
中核苏阀科技实业股份有限公司,安徽铜都流体科技股份有限公司
中核苏阀科技实业股份有限公司,苏州道森钻采设备股份有限公司
中核苏阀科技实业股份有限公司,武汉大禹阀门股份有限公司
中核苏阀科技实业股份有限公司,湖北泰和石化设备有限公司
中核苏阀科技实业股份有限公司,河北远大阀门集团有限公司
中核苏阀科技实业股份有限公司,上海凯科阀门制造有限公司
中核苏阀科技实业股份有限公司,上海冠龙阀门机械有限公司
中核苏阀科技实业股份有限公司,玫德集团有限公司
中核苏阀科技实业股份有限公司,大连大高阀门股份有限公司
中核苏阀科技实业股份有限公司,良工阀门集团有限公司
中核苏阀科技实业股份有限公司,保一集团有限公司
中核苏阀科技实业股份有限公司,天津百利展发集团有限公司
中核苏阀科技实业股份有限公司,浙江石化阀门有限公司
国核电站运行服务技术有限公司,江苏绿能宝融资租赁有限公司
国核电站运行服务技术有限公司,广州大通资源开发股份有限公司
上海电气凯士比核电泵阀有限公司,哈尔滨滨大阀门制造有限公司
上海电气凯士比核电泵阀有限公司,翊亨流体控制（上海）有限公司
上海电气凯士比核电泵阀有限公司,上海优耐特斯压缩机有限公司
上海电气凯士比核电泵阀有限公司,温州宏泰机械制造有限公司
上海电气凯士比核电泵阀有限公司,余姚市三力信电磁阀有限公司
上海电气凯士比核电泵阀有限公司,上海北四特自动化科技有限公司
上海电气凯士比核电泵阀有限公司,上海瑞控阀门有限公司
上海电气凯士比核电泵阀有限公司,上海征琰阀门有限公司
上海电气凯士比核电泵阀有限公司,浙江永久科技实业有限公司
上海电气凯士比核电泵阀有限公司,北京科德西普科技有限公司
上海电气凯士比核电泵阀有限公司,天津凯润泵业有限公司
上海电气凯士比核电泵阀有限公司,昆山百硕自动化环保设备有限公司
上海电气凯士比核电泵阀有限公司,重庆霞诺飞协泵阀制造有限公司
上海电气凯士比核电泵阀有限公司,开立基业（北京）阀门制造有限公司
上海电气凯士比核电泵阀有限公司,深圳同心压缩机电设备有限公司
上海电气凯士比核电泵阀有限公司,格兰富水泵（苏州）有限公司
上海电气凯士比核电泵阀有限公司,加西贝拉压缩机有限公司
上海电气凯士比核电泵阀有限公司,涵安压缩机贸易（上海）有限公司
上海电气凯士比核电泵阀有限公司,科威纳工业自动化有限公司
中国核工业中原建设有限公司,北京建工集团有限责任公司
中国核工业中原建设有限公司,深圳市粤华城科技股份有限公司
中国核工业中原建设有限公司,民族建设集团有限公司
中国核工业中原建设有限公司,杭州瑶升建筑装潢工程有限公司
中国核工业中原建设有限公司,四川宇硕建筑工程有限公司
中国核工业中原建设有限公司,广东光辉建筑工程有限公司
中国核工业中原建设有限公司,北京房建建筑股份有限公司
中国核工业中原建设有限公司,江西中启建设工程有限公司
中国核工业中原建设有限公司,高品建设集团有限公司
中国核工业中原建设有限公司,大连瑞佳建设集团有限公司
中国核工业中原建设有限公司,江苏启安建设集团有限公司
中国核工业中原建设有限公司,甘肃省建设投资（控股）集团总公司
中国核工业中原建设有限公司,广东中建天成工程有限公司
中国核工业中原建设有限公司,楚安建设集团有限公司
中国核工业中原建设有限公司,融兴建设集团有限公司
中国核工业中原建设有限公司,杭州西埔电梯工程有限公司
中国核工业中原建设有限公司,广东泰悦建设工程有限公司
中国核工业中原建设有限公司,陕西鸿昌建设集团有限公司
中国核工业中原建设有限公司,东营市亿海安装工程有限公司
中国核电工程有限公司,上海海鲫能源股份有限公司
中国核电工程有限公司,祥龙控股集团有限公司
中国核电工程有限公司,陕西榆林能源集团汇森投资管理有限公司
中国核电工程有限公司,广东日盛新能源有限公司
中国核电工程有限公司,吉林省神力节能环保科技有限公司
中国核电工程有限公司,中科盛火（北京）热能技术有限公司
中国核电工程有限公司,济宁能源发展集团有限公司
中国核电工程有限公司,山东阳煤恒通化工股份有限公司
中国核电工程有限公司,第八元素环境技术有限公司
中国核电工程有限公司,中碳能源(山东)股份有限公司
中国核电工程有限公司,江苏知本化学有限公司
中国核电工程有限公司,成都金甲王能源科技有限公司
中国核电工程有限公司,磁为(上海)科技有限公司
中国核电工程有限公司,斯瑞尔环境科技股份有限公司
中国核电工程有限公司,西安硕思能源科技有限公司
中国核电工程有限公司,岑溪市祥胜科技有限公司
中国核电工程有限公司,江苏龙冶节能科技有限公司
陕西卫峰核电子有限公司,北京淼川科技有限公司
陕西卫峰核电子有限公司,天津伽利联科技有限公司
陕西卫峰核电子有限公司,镇江泰利丰电子有限公司
陕西卫峰核电子有限公司,北京京驰通电气科技有限公司
陕西卫峰核电子有限公司,北京元亨嘉利科技有限公司
陕西卫峰核电子有限公司,深圳市新绿智科技术有限公司
陕西卫峰核电子有限公司,珠海一多监测科技有限公司
陕西卫峰核电子有限公司,广东云测环境科技有限公司
陕西卫峰核电子有限公司,南京一目智能科技有限公司
陕西卫峰核电子有限公司,北京中海和电子科技有限公司
陕西卫峰核电子有限公司,北京鼎鸿悦诚科技发展有限公司
陕西卫峰核电子有限公司,上海启策动力测试设备有限公司
陕西卫峰核电子有限公司,北京利达科信环境安全技术有限公司
陕西卫峰核电子有限公司,北京众创天和科技有限公司
陕西卫峰核电子有限公司,上海泽赞自动化科技有限公司
陕西卫峰核电子有限公司,戌亥检测技术（上海）有限公司
陕西卫峰核电子有限公司,北京时代龙城科技有限责任公司
陕西卫峰核电子有限公司,北京振测智控科技有限公司
陕西卫峰核电子有限公司,武汉先达监测技术股份有限公司
陕西卫峰核电子有限公司,北京中科核安科技有限公司
河北沧海核装备科技股份有限公司,郑州万达重工股份有限公司
河北沧海核装备科技股份有限公司,河北省盐山县电力管件有限公司
河北沧海核装备科技股份有限公司,云南昆钢耐磨材料科技股份有限公司
河北沧海核装备科技股份有限公司,山东索力得焊材股份有限公司
河北沧海核装备科技股份有限公司,浙江一火科技股份有限公司
河北沧海核装备科技股份有限公司,芜湖泰和管业股份有限公司
河北沧海核装备科技股份有限公司,江苏米莫金属股份有限公司
河北沧海核装备科技股份有限公司,宁国东方碾磨材料股份有限公司
河北沧海核装备科技股份有限公司,张家港华程特种材料股份有限公司
河北沧海核装备科技股份有限公司,湖南金天铝业高科技股份有限公司
河北沧海核装备科技股份有限公司,兰州威特焊材科技股份有限公司
河北沧海核装备科技股份有限公司,河北中泊防爆工具集团股份有限公司
河北沧海核装备科技股份有限公司,江苏孚尔姆焊业股份有限公司
河北沧海核装备科技股份有限公司,上海舜富精工科技股份有限公司
河北沧海核装备科技股份有限公司,合肥紫金钢管股份有限公司
河北沧海核装备科技股份有限公司,湖南永盛新材料股份有限公司
河北沧海核装备科技股份有限公司,北京飞尼课斯科技股份有限公司
河北沧海核装备科技股份有限公司,上海铂宝集团股份有限公司
河北沧海核装备科技股份有限公司,苏州群凯利精工股份有限公司
河北沧海核装备科技股份有限公司,德阳天元重工股份有限公司
江苏中海华核环保有限公司,昆山弱水无极环保科技有限公司
江苏中海华核环保有限公司,苏州阿丽贝环保科技有限公司
江苏中海华核环保有限公司,上海迟德环保科技有限公司
江苏中海华核环保有限公司,四川净之蓝环保设备有限公司
江苏中海华核环保有限公司,成都科衡环保技术有限公司
江苏中海华核环保有限公司,东莞市莞汇环保工程有限公司
江苏中海华核环保有限公司,山东鼎信生态微环境科技股份有限公司
江苏中海华核环保有限公司,广州盈朗环保科技有限公司
江苏中海华核环保有限公司,北京山美水美环保高科技有限公司
江苏中海华核环保有限公司,马鞍山市沃跃机械制造有限公司
江苏中海华核环保有限公司,广州市联冠机械有限公司
江苏中海华核环保有限公司,广东新环环保产业集团有限公司
江苏中海华核环保有限公司,江苏梵坤环保科技发展股份有限公司
江苏中海华核环保有限公司,上海曲毅环保科技有限公司
江苏中海华核环保有限公司,武汉市宏森环保技术工程有限责任公司
江苏中海华核环保有限公司,上海创净生物环保科技有限公司
江苏中海华核环保有限公司,湖北小双养殖设备有限公司
江苏中海华核环保有限公司,唐山忠旭环保科技有限公司
江苏中海华核环保有限公司,深圳中雅机电实业有限公司
江苏中海华核环保有限公司,茏源（北京）环保科技有限公司
大连宝原核设备有限公司,南京宜热纵联节能科技有限公司
大连宝原核设备有限公司,重庆气体压缩机厂有限责任公司
大连宝原核设备有限公司,大连派思透平动力科技有限公司
大连宝原核设备有限公司,许昌德通振动搅拌技术有限公司
大连宝原核设备有限公司,中国联合重型燃气轮机技术有限公司
大连宝原核设备有限公司,沈阳东大东科干燥煅烧工程技术有限公司
大连宝原核设备有限公司,常州市亚飞干燥设备有限公司
大连宝原核设备有限公司,上海和兰透平动力技术有限公司
大连宝原核设备有限公司,新华中润（北京）智能科技有限公司
大连宝原核设备有限公司,无锡鑫云换热器科技有限公司
大连宝原核设备有限公司,北京阿玛西换热设备制造有限公司
大连宝原核设备有限公司,成都华泰燃气设备有限公司
大连宝原核设备有限公司,石家庄华安机电设备有限公司
大连宝原核设备有限公司,无锡欧洛普科技有限公司
大连宝原核设备有限公司,欧利伐流体设备（杭州）有限公司
大连宝原核设备有限公司,苏州三川换热器股份有限公司
大连宝原核设备有限公司,广州市鸿邦西厨设备制造有限公司
大连宝原核设备有限公司,上海爱因热工设备有限公司
大连宝原核设备有限公司,中船重工龙江广瀚燃气轮机有限公司
大连宝原核设备有限公司,无锡舍勒能源科技有限公司
沈阳三科核电设备制造股份有限公司,天津普友机电设备股份有限公司
沈阳三科核电设备制造股份有限公司,青岛力磁电气股份有限公司
沈阳三科核电设备制造股份有限公司,山东深蓝机器股份有限公司
沈阳三科核电设备制造股份有限公司,南通恒力包装科技股份有限公司
沈阳三科核电设备制造股份有限公司,内江东工设备制造股份有限公司
沈阳三科核电设备制造股份有限公司,南通通机股份有限公司
沈阳三科核电设备制造股份有限公司,无锡金田元丰科技股份有限公司
沈阳三科核电设备制造股份有限公司,广东寰宇电子科技股份有限公司
沈阳三科核电设备制造股份有限公司,沈阳奥拓福科技股份有限公司
沈阳三科核电设备制造股份有限公司,上海汉神机电股份有限公司
沈阳三科核电设备制造股份有限公司,安徽新宁装备股份有限公司
沈阳三科核电设备制造股份有限公司,中国科学院沈阳科学仪器股份有限公司
沈阳三科核电设备制造股份有限公司,山东临风科技股份有限公司
沈阳三科核电设备制造股份有限公司,北京百特莱德工程技术股份有限公司
沈阳三科核电设备制造股份有限公司,常州永盛新材料装备股份有限公司
沈阳三科核电设备制造股份有限公司,新乡市高服机械股份有限公司
沈阳三科核电设备制造股份有限公司,天津重钢机械装备股份有限公司
沈阳三科核电设备制造股份有限公司,无锡佳龙换热器股份有限公司
沈阳三科核电设备制造股份有限公司,山东华特磁电科技股份有限公司
沈阳三科核电设备制造股份有限公司,江苏金色工业炉股份有限公司
上海核拓工程技术有限公司,中外联检供应链管理（广州）有限公司
上海核拓工程技术有限公司,川远供应链管理（苏州）有限公司
上海核拓工程技术有限公司,上海树神网络科技有限公司
上海核拓工程技术有限公司,上海掌运供应链管理有限公司
上海核拓工程技术有限公司,杭州优加供应链科技有限公司
上海核拓工程技术有限公司,湖南新融创实业有限公司
上海核拓工程技术有限公司,深圳欧瑞特供应链管理有限公司
上海核拓工程技术有限公司,赛维（天津）供应链管理有限公司
上海核拓工程技术有限公司,埃克姆（北京）供应链管理有限公司
上海核拓工程技术有限公司,南昌前海国信电子科技有限公司
上海核拓工程技术有限公司,思优供应链管理（上海）有限公司
上海核拓工程技术有限公司,杭州朋成供应链管理服务有限公司
上海核拓工程技术有限公司,彼银科技（深圳）有限公司
上海核拓工程技术有限公司,津西沃达尔工程技术有限公司
上海核拓工程技术有限公司,腾达顺通（北京）供应链管理有限公司
上海核拓工程技术有限公司,浙江寻鹿供应链管理有限公司
上海核拓工程技术有限公司,上海今远供应链管理有限公司
上海核拓工程技术有限公司,上海亚东盛进出口有限公司
上海核拓工程技术有限公司,一石巨鑫有限公司
上海核拓工程技术有限公司,邻邻柒集采（余姚）供应链管理有限公司
西安中核核仪器有限公司,山西中辐核仪器有限责任公司
西安中核核仪器有限公司,陕西卫峰核电子有限公司
西安中核核仪器有限公司,四川新先达测控技术有限公司
西安中核核仪器有限公司,湖南华南光电科技股份有限公司
西安中核核仪器有限公司,中核弘盛智能科技有限公司
西安中核核仪器有限公司,西安易诺敬业电子科技有限责任公司
西安中核核仪器有限公司,东风本田汽车零部件有限公司
西安中核核仪器有限公司,辽宁森远增材制造科技有限公司
西安中核核仪器有限公司,桂林广陆数字测控有限公司
西安中核核仪器有限公司,西安森舍电子科技有限责任公司
西安中核核仪器有限公司,杭州金固环保设备科技有限公司
西安核设备有限公司,江苏中海华核环保有限公司
西安核设备有限公司,广东高而美制冷设备有限公司
西安核设备有限公司,江苏中靖新能源科技有限公司
西安中核核仪器有限公司,苏州润吉驱动技术有限公司
西安中核核仪器有限公司,江西建工第二建筑有限责任公司
西安中核核仪器有限公司,东莞市誉铭新精密技术股份有限公司
西安中核核仪器有限公司,高能智核环保科技有限公司
西安中核核仪器有限公司,杭州恒生数字设备科技有限公司
西安中核核仪器有限公司,无锡市迈日机器制造有限公司
西安核设备有限公司,北京中电丰业技术开发有限公司
西安核设备有限公司,常州市蓝博净化科技有限公司
西安核设备有限公司,北京派瑞华氢能源科技有限公司
西安核设备有限公司,广东双新电气科技有限公司
西安核设备有限公司,南京福加自动化科技有限公司
西安核设备有限公司,河南奥森电子设备有限公司
西安中核核仪器有限公司,武汉优信技术股份有限公司
西安中核核仪器有限公司,北京华科德科技有限公司
西安中核核仪器有限公司,汉思科特（盐城）减震技术有限公司
西安核设备有限公司,宁波高新区安立特电气科技有限公司
西安核设备有限公司,深圳市力函科技有限公司
西安核设备有限公司,无锡豪特维思热能科技有限公司
西安核设备有限公司,瑞纳智能设备股份有限公司
西安核设备有限公司,北京同创新明科技有限责任公司
西安核设备有限公司,中航惠腾风电设备股份有限公司
西安核设备有限公司,上海大周信息科技有限公司
西安核设备有限公司,河南中炬能源设备有限公司
西安核设备有限公司,南通安思卓新能源有限公司
西安核设备有限公司,山东宇冠机械有限公司
西安核设备有限公司,济南中鲁新能源有限公司
中国核工业集团有限公司,中核能源科技有限公司
中国核工业集团有限公司,杭州神驹科技有限公司
中国核工业集团有限公司,北京未来蓝天技术有限公司
中国核工业集团有限公司,甘肃裕隆氢能科技有限公司
中国核工业集团有限公司,青岛东和能源技术有限公司
中国核工业集团有限公司,陕西有色新能源发展有限公司
中国核工业集团有限公司,北京晖丰能源科技有限公司
中国核工业集团有限公司,安徽省蓝天能源环保科技有限公司
中国核工业集团有限公司,河南日昇源集成科技有限公司
中国核工业集团有限公司,智慧能源投资控股集团有限公司
中国核工业集团有限公司,上海铭寰新能源科技有限公司
中国核工业集团有限公司,大连光阳机电有限公司
中国核工业集团有限公司,中氢新能技术有限公司
中国核工业集团有限公司,北京蓝吉新能源科技有限公司
中国核工业集团有限公司,烟台亿通达蒸汽节能设备有限公司
中国核工业集团有限公司,四川中亿宏基能源有限公司
中国核工业集团有限公司,江阴优赛孚能源有限公司
中国核工业集团有限公司,安徽津利能源科技发展有限责任公司
中国核工业集团有限公司,南京奥特电气股份有限公司
